<?xml version="1.0"?>
<font>
  <info face="Atari Classic" size="32" bold="0" italic="0" charset="" unicode="1" stretchH="100" smooth="0" aa="1" padding="0,0,0,0" spacing="1,1" outline="2"/>
  <common lineHeight="32" base="28" scaleW="256" scaleH="256" pages="1" packed="0" alphaChnl="0" redChnl="4" greenChnl="4" blueChnl="4"/>
  <pages>
    <page id="0" file="8bit.png" />
  </pages>
  <chars count="87">
    <char id="32" x="152" y="237" width="7" height="5" xoffset="-3" yoffset="29" xadvance="31" page="0" chnl="15" />
    <char id="33" x="180" y="168" width="11" height="27" xoffset="10" yoffset="3" xadvance="31" page="0" chnl="15" />
    <char id="34" x="168" y="220" width="27" height="15" xoffset="2" yoffset="3" xadvance="31" page="0" chnl="15" />
    <char id="35" x="132" y="0" width="35" height="27" xoffset="-2" yoffset="3" xadvance="31" page="0" chnl="15" />
    <char id="36" x="32" y="0" width="27" height="31" xoffset="2" yoffset="-1" xadvance="31" page="0" chnl="15" />
    <char id="37" x="0" y="32" width="27" height="27" xoffset="2" yoffset="3" xadvance="31" page="0" chnl="15" />
    <char id="38" x="0" y="0" width="31" height="31" xoffset="2" yoffset="-1" xadvance="31" page="0" chnl="15" />
    <char id="39" x="196" y="220" width="11" height="15" xoffset="10" yoffset="3" xadvance="31" page="0" chnl="15" />
    <char id="40" x="124" y="172" width="19" height="27" xoffset="10" yoffset="3" xadvance="31" page="0" chnl="15" />
    <char id="41" x="104" y="172" width="19" height="27" xoffset="2" yoffset="3" xadvance="31" page="0" chnl="15" />
    <char id="42" x="192" y="168" width="35" height="23" xoffset="-2" yoffset="3" xadvance="31" page="0" chnl="15" />
    <char id="43" x="92" y="200" width="27" height="23" xoffset="2" yoffset="3" xadvance="31" page="0" chnl="15" />
    <char id="44" x="152" y="220" width="15" height="16" xoffset="6" yoffset="18" xadvance="31" page="0" chnl="15" />
    <char id="45" x="124" y="244" width="27" height="8" xoffset="2" yoffset="10" xadvance="31" page="0" chnl="15" />
    <char id="46" x="208" y="216" width="11" height="12" xoffset="10" yoffset="18" xadvance="31" page="0" chnl="15" />
    <char id="47" x="0" y="60" width="27" height="27" xoffset="2" yoffset="3" xadvance="31" page="0" chnl="15" />
    <char id="48" x="28" y="60" width="27" height="27" xoffset="2" yoffset="3" xadvance="31" page="0" chnl="15" />
    <char id="49" x="56" y="60" width="27" height="27" xoffset="2" yoffset="3" xadvance="31" page="0" chnl="15" />
    <char id="50" x="84" y="60" width="27" height="27" xoffset="2" yoffset="3" xadvance="31" page="0" chnl="15" />
    <char id="51" x="112" y="60" width="27" height="27" xoffset="2" yoffset="3" xadvance="31" page="0" chnl="15" />
    <char id="52" x="112" y="88" width="27" height="27" xoffset="2" yoffset="3" xadvance="31" page="0" chnl="15" />
    <char id="53" x="56" y="88" width="27" height="27" xoffset="2" yoffset="3" xadvance="31" page="0" chnl="15" />
    <char id="54" x="168" y="56" width="27" height="27" xoffset="2" yoffset="3" xadvance="31" page="0" chnl="15" />
    <char id="55" x="196" y="56" width="27" height="27" xoffset="2" yoffset="3" xadvance="31" page="0" chnl="15" />
    <char id="56" x="224" y="56" width="27" height="27" xoffset="2" yoffset="3" xadvance="31" page="0" chnl="15" />
    <char id="57" x="0" y="88" width="27" height="27" xoffset="2" yoffset="3" xadvance="31" page="0" chnl="15" />
    <char id="58" x="112" y="224" width="11" height="23" xoffset="10" yoffset="7" xadvance="31" page="0" chnl="15" />
    <char id="59" x="164" y="168" width="15" height="27" xoffset="6" yoffset="7" xadvance="31" page="0" chnl="15" />
    <char id="60" x="60" y="0" width="23" height="31" xoffset="6" yoffset="-1" xadvance="31" page="0" chnl="15" />
    <char id="61" x="124" y="224" width="27" height="19" xoffset="2" yoffset="7" xadvance="31" page="0" chnl="15" />
    <char id="62" x="84" y="0" width="23" height="31" xoffset="2" yoffset="-1" xadvance="31" page="0" chnl="15" />
    <char id="63" x="140" y="84" width="27" height="27" xoffset="2" yoffset="3" xadvance="31" page="0" chnl="15" />
    <char id="64" x="168" y="84" width="27" height="27" xoffset="2" yoffset="3" xadvance="31" page="0" chnl="15" />
    <char id="65" x="196" y="84" width="27" height="27" xoffset="2" yoffset="3" xadvance="31" page="0" chnl="15" />
    <char id="66" x="224" y="84" width="27" height="27" xoffset="2" yoffset="3" xadvance="31" page="0" chnl="15" />
    <char id="67" x="0" y="116" width="27" height="27" xoffset="2" yoffset="3" xadvance="31" page="0" chnl="15" />
    <char id="68" x="28" y="116" width="27" height="27" xoffset="2" yoffset="3" xadvance="31" page="0" chnl="15" />
    <char id="69" x="56" y="116" width="27" height="27" xoffset="2" yoffset="3" xadvance="31" page="0" chnl="15" />
    <char id="70" x="84" y="116" width="27" height="27" xoffset="2" yoffset="3" xadvance="31" page="0" chnl="15" />
    <char id="71" x="112" y="116" width="27" height="27" xoffset="2" yoffset="3" xadvance="31" page="0" chnl="15" />
    <char id="72" x="140" y="112" width="27" height="27" xoffset="2" yoffset="3" xadvance="31" page="0" chnl="15" />
    <char id="73" x="168" y="112" width="27" height="27" xoffset="2" yoffset="3" xadvance="31" page="0" chnl="15" />
    <char id="74" x="196" y="112" width="27" height="27" xoffset="2" yoffset="3" xadvance="31" page="0" chnl="15" />
    <char id="75" x="112" y="32" width="27" height="27" xoffset="2" yoffset="3" xadvance="31" page="0" chnl="15" />
    <char id="76" x="84" y="88" width="27" height="27" xoffset="2" yoffset="3" xadvance="31" page="0" chnl="15" />
    <char id="77" x="200" y="0" width="31" height="27" xoffset="2" yoffset="3" xadvance="31" page="0" chnl="15" />
    <char id="78" x="28" y="88" width="27" height="27" xoffset="2" yoffset="3" xadvance="31" page="0" chnl="15" />
    <char id="79" x="140" y="56" width="27" height="27" xoffset="2" yoffset="3" xadvance="31" page="0" chnl="15" />
    <char id="80" x="224" y="28" width="27" height="27" xoffset="2" yoffset="3" xadvance="31" page="0" chnl="15" />
    <char id="81" x="196" y="28" width="27" height="27" xoffset="2" yoffset="3" xadvance="31" page="0" chnl="15" />
    <char id="82" x="168" y="28" width="27" height="27" xoffset="2" yoffset="3" xadvance="31" page="0" chnl="15" />
    <char id="83" x="140" y="28" width="27" height="27" xoffset="2" yoffset="3" xadvance="31" page="0" chnl="15" />
    <char id="84" x="84" y="32" width="27" height="27" xoffset="2" yoffset="3" xadvance="31" page="0" chnl="15" />
    <char id="85" x="56" y="32" width="27" height="27" xoffset="2" yoffset="3" xadvance="31" page="0" chnl="15" />
    <char id="86" x="28" y="32" width="27" height="27" xoffset="2" yoffset="3" xadvance="31" page="0" chnl="15" />
    <char id="87" x="168" y="0" width="31" height="27" xoffset="2" yoffset="3" xadvance="31" page="0" chnl="15" />
    <char id="88" x="196" y="140" width="27" height="27" xoffset="2" yoffset="3" xadvance="31" page="0" chnl="15" />
    <char id="89" x="224" y="112" width="27" height="27" xoffset="2" yoffset="3" xadvance="31" page="0" chnl="15" />
    <char id="90" x="0" y="144" width="27" height="27" xoffset="2" yoffset="3" xadvance="31" page="0" chnl="15" />
    <char id="92" x="28" y="144" width="27" height="27" xoffset="2" yoffset="3" xadvance="31" page="0" chnl="15" />
    <char id="95" x="220" y="216" width="35" height="8" xoffset="-2" yoffset="22" xadvance="31" page="0" chnl="15" />
    <char id="97" x="228" y="168" width="27" height="23" xoffset="2" yoffset="7" xadvance="31" page="0" chnl="15" />
    <char id="98" x="56" y="144" width="27" height="27" xoffset="2" yoffset="3" xadvance="31" page="0" chnl="15" />
    <char id="99" x="232" y="192" width="23" height="23" xoffset="2" yoffset="7" xadvance="31" page="0" chnl="15" />
    <char id="100" x="84" y="144" width="27" height="27" xoffset="2" yoffset="3" xadvance="31" page="0" chnl="15" />
    <char id="101" x="64" y="200" width="27" height="23" xoffset="2" yoffset="7" xadvance="31" page="0" chnl="15" />
    <char id="102" x="232" y="0" width="23" height="27" xoffset="6" yoffset="3" xadvance="31" page="0" chnl="15" />
    <char id="103" x="140" y="140" width="27" height="27" xoffset="2" yoffset="7" xadvance="31" page="0" chnl="15" />
    <char id="104" x="168" y="140" width="27" height="27" xoffset="2" yoffset="3" xadvance="31" page="0" chnl="15" />
    <char id="105" x="84" y="172" width="19" height="27" xoffset="6" yoffset="3" xadvance="31" page="0" chnl="15" />
    <char id="106" x="108" y="0" width="23" height="31" xoffset="6" yoffset="3" xadvance="31" page="0" chnl="15" />
    <char id="107" x="224" y="140" width="27" height="27" xoffset="2" yoffset="3" xadvance="31" page="0" chnl="15" />
    <char id="108" x="144" y="168" width="19" height="27" xoffset="6" yoffset="3" xadvance="31" page="0" chnl="15" />
    <char id="109" x="0" y="200" width="31" height="23" xoffset="2" yoffset="7" xadvance="31" page="0" chnl="15" />
    <char id="110" x="120" y="200" width="27" height="23" xoffset="2" yoffset="7" xadvance="31" page="0" chnl="15" />
    <char id="111" x="148" y="196" width="27" height="23" xoffset="2" yoffset="7" xadvance="31" page="0" chnl="15" />
    <char id="112" x="112" y="144" width="27" height="27" xoffset="2" yoffset="7" xadvance="31" page="0" chnl="15" />
    <char id="113" x="0" y="172" width="27" height="27" xoffset="2" yoffset="7" xadvance="31" page="0" chnl="15" />
    <char id="114" x="176" y="196" width="27" height="23" xoffset="2" yoffset="7" xadvance="31" page="0" chnl="15" />
    <char id="115" x="204" y="192" width="27" height="23" xoffset="2" yoffset="7" xadvance="31" page="0" chnl="15" />
    <char id="116" x="28" y="172" width="27" height="27" xoffset="2" yoffset="3" xadvance="31" page="0" chnl="15" />
    <char id="117" x="0" y="224" width="27" height="23" xoffset="2" yoffset="7" xadvance="31" page="0" chnl="15" />
    <char id="118" x="28" y="224" width="27" height="23" xoffset="2" yoffset="7" xadvance="31" page="0" chnl="15" />
    <char id="119" x="32" y="200" width="31" height="23" xoffset="2" yoffset="7" xadvance="31" page="0" chnl="15" />
    <char id="120" x="56" y="224" width="27" height="23" xoffset="2" yoffset="7" xadvance="31" page="0" chnl="15" />
    <char id="121" x="56" y="172" width="27" height="27" xoffset="2" yoffset="7" xadvance="31" page="0" chnl="15" />
    <char id="122" x="84" y="224" width="27" height="23" xoffset="2" yoffset="7" xadvance="31" page="0" chnl="15" />
  </chars>
</font>
